CustomerID,Age,Gender,AnnualIncome,PurchaseFrequency,AvgOrderValue,TotalSpend,RecencyDays,DiscountUsagePct,OnlinePurchases,StorePurchases,PreferredCategory,City,Cluster,PCA1,PCA2,Segment
CUST1001,25,Male,121861,15,4660,68825,6,0,12,3,Beauty,Bengaluru,1,3.7044367458364613,0.30749260323616123,High-Value Customers
CUST1002,52,Male,116965,18,4503,90148,13,0,7,11,Grocery,Chennai,1,4.004952985168623,0.5093846191777603,High-Value Customers
CUST1003,47,Female,124529,19,5471,100267,11,12,3,16,Home & Kitchen,Chennai,1,4.389855978272997,1.0605289463541054,High-Value Customers
CUST1004,39,Male,109104,25,4088,114096,17,12,15,10,Grocery,Bengaluru,1,4.276805450241768,0.627947511867795,High-Value Customers
CUST1005,38,Male,117188,23,3106,72191,11,11,17,6,Fashion,Mumbai,1,3.442617351003559,-0.00832472466346355,High-Value Customers
CUST1006,55,Male,123633,16,5076,82893,11,20,9,7,Fashion,Chennai,1,3.6088521152569575,0.9777812610563577,High-Value Customers
CUST1007,25,Male,110731,17,3950,75558,9,0,10,7,Fashion,Hyderabad,1,3.5213919367418463,0.05540982738243414,High-Value Customers
CUST1008,49,Male,121303,14,4259,57899,12,15,11,3,Electronics,Mumbai,1,2.916495793640262,0.5139752064877637,High-Value Customers
CUST1009,29,Female,105865,16,4915,72719,12,23,10,6,Beauty,Mumbai,1,3.088413157888493,0.6586699578405221,High-Value Customers
CUST1010,25,Female,109990,19,3325,60911,14,4,8,11,Electronics,Pune,1,3.0840938501074793,-0.08544911336215201,High-Value Customers
CUST1011,42,Female,109732,21,3517,76521,8,9,20,1,Electronics,Pune,1,3.479268658450658,-0.04621367501790744,High-Value Customers
CUST1012,60,Female,98497,16,3326,46546,9,7,7,9,Electronics,Mumbai,1,2.512755099005593,-0.4113168949659644,High-Value Customers
CUST1013,50,Male,121720,16,3766,63336,9,6,10,6,Beauty,Chennai,1,3.231257229997161,0.17596086430130342,High-Value Customers
CUST1014,51,Male,108522,12,4440,50984,12,10,9,3,Fashion,Hyderabad,1,2.6722488588566753,0.28265579349994,High-Value Customers
CUST1015,49,Female,115172,18,4486,88167,14,22,7,11,Grocery,Mumbai,1,3.4345474658631683,0.8139497216145214,High-Value Customers
CUST1016,52,Male,121634,15,4351,52762,9,25,8,7,Beauty,Bengaluru,1,2.765314092592557,0.5402908650543313,High-Value Customers
CUST1017,42,Female,121162,16,3429,51406,9,10,11,5,Electronics,Chennai,1,2.8557119433889855,0.036907499051560426,High-Value Customers
CUST1018,26,Female,124182,15,2939,38133,11,25,8,7,Grocery,Chennai,1,2.111823986351481,0.139317141705048,High-Value Customers
CUST1019,54,Male,113641,18,4230,71102,9,12,13,5,Fashion,Hyderabad,1,3.3870490774614246,0.2899994734504349,High-Value Customers
CUST1020,39,Male,109158,13,3942,52267,13,24,7,6,Electronics,Bengaluru,1,2.2800356927065244,0.38511053920869726,High-Value Customers
CUST1021,41,Male,113900,14,4451,61418,3,11,3,11,Grocery,Chennai,1,3.146158949987071,0.1697010925078187,High-Value Customers
CUST1022,36,Male,91715,24,4583,107769,8,13,17,7,Beauty,Pune,1,4.1427227511618625,0.22708411304172102,High-Value Customers
CUST1023,29,Male,95030,14,4275,59094,8,15,6,8,Fashion,Delhi,1,2.6377127467926753,0.025238799211877903,High-Value Customers
CUST1024,58,Male,96747,15,4615,70352,3,34,11,4,Home & Kitchen,Chennai,1,2.642586002935321,0.35172313031086083,High-Value Customers
CUST1025,52,Female,101238,23,4325,91452,7,18,15,8,Fashion,Delhi,1,3.7876557191528404,0.2286104394046527,High-Value Customers
CUST1026,47,Female,120517,26,4489,120000,7,7,19,7,Home & Kitchen,Chennai,1,4.972004996319194,0.5732541053056294,High-Value Customers
CUST1027,37,Female,102504,15,3815,60263,9,19,6,9,Home & Kitchen,Delhi,1,2.575622314500682,0.09081433840025384,High-Value Customers
CUST1028,54,Male,109781,17,4102,71881,13,9,9,8,Home & Kitchen,Delhi,1,3.243915456794122,0.29656003242387496,High-Value Customers
CUST1029,43,Male,132929,19,4307,85485,9,9,16,3,Home & Kitchen,Chennai,1,4.018323176218152,0.6523160057840565,High-Value Customers
CUST1030,39,Male,110084,23,4648,109439,7,18,12,11,Electronics,Pune,1,4.26718967544302,0.5969119856003366,High-Value Customers
CUST1031,39,Male,125178,15,3985,69507,10,12,6,9,Grocery,Delhi,1,3.214573238239236,0.47511779790882197,High-Value Customers
CUST1032,30,Female,102116,17,4485,75706,13,14,7,10,Grocery,Delhi,1,3.203156598145979,0.3898362725697936,High-Value Customers
CUST1033,25,Male,112165,20,4055,79105,7,12,11,9,Grocery,Delhi,1,3.5961711246959847,0.190353920740921,High-Value Customers
CUST1034,43,Male,101890,19,4136,73844,7,14,15,4,Electronics,Hyderabad,1,3.29055812655326,0.0656367839128476,High-Value Customers
CUST1035,56,Female,110321,17,4653,72567,12,15,12,5,Fashion,Chennai,1,3.31573394387926,0.515367196561881,High-Value Customers
CUST1036,24,Male,126596,18,3112,50436,9,0,9,9,Fashion,Pune,1,3.1838711920275866,-0.1640073548568894,High-Value Customers
CUST1037,55,Male,91163,14,3492,45414,12,17,10,4,Electronics,Mumbai,1,2.037675235514621,-0.21075957704579681,High-Value Customers
CUST1038,54,Male,120995,17,3391,57316,10,5,10,7,Electronics,Mumbai,1,3.0956555446171414,0.008004594362743546,High-Value Customers
CUST1039,32,Female,118281,17,2926,51070,12,2,9,8,Fashion,Bengaluru,1,2.8604932152284768,-0.19478447373137098,High-Value Customers
CUST1040,46,Female,106801,19,3830,73061,7,12,4,15,Grocery,Hyderabad,1,3.2937379733323597,0.021741416943146897,High-Value Customers
CUST1041,28,Male,95044,16,4609,69231,10,13,9,7,Electronics,Chennai,1,3.048459037277376,0.18411524010930194,High-Value Customers
CUST1042,51,Female,115995,19,4044,82379,9,7,11,8,Beauty,Mumbai,1,3.704565155105263,0.2764297427207959,High-Value Customers
CUST1043,49,Female,107693,21,4308,95819,6,18,4,17,Home & Kitchen,Chennai,1,3.8036265060920935,0.3707708917209568,High-Value Customers
CUST1044,35,Female,118211,18,4795,85203,5,3,13,5,Grocery,Mumbai,1,4.091394059624942,0.37949866509241564,High-Value Customers
CUST1045,24,Male,115302,19,4925,88686,12,9,11,8,Fashion,Pune,1,3.978482275767081,0.6663268048836668,High-Value Customers
CUST1046,59,Male,137105,18,4162,78208,9,8,8,10,Home & Kitchen,Hyderabad,1,3.8765972779722238,0.6209645220736019,High-Value Customers
CUST1047,39,Female,111697,18,4939,90240,7,12,17,1,Home & Kitchen,Hyderabad,1,3.887960662412447,0.5529302822072023,High-Value Customers
CUST1048,56,Male,100876,16,4250,60126,10,14,13,3,Beauty,Bengaluru,1,2.8610259926620114,0.11367334044349324,High-Value Customers
CUST1049,48,Female,117474,19,3743,70726,13,5,3,16,Home & Kitchen,Delhi,1,3.4509475367764586,0.2048308658330155,High-Value Customers
CUST1050,52,Female,118036,18,3875,71221,3,17,16,2,Home & Kitchen,Mumbai,1,3.3075498672103425,0.165564179371246,High-Value Customers
CUST1051,51,Male,133757,24,3392,75540,6,12,18,6,Home & Kitchen,Bengaluru,1,3.927716375258793,0.19205380030894564,High-Value Customers
CUST1052,29,Female,126525,23,3715,86745,7,0,12,11,Grocery,Chennai,1,4.277717218582,0.1377766553516626,High-Value Customers
CUST1053,36,Female,119925,19,4005,67231,14,0,11,8,Electronics,Chennai,1,3.6174084546641496,0.23540619883364688,High-Value Customers
CUST1054,40,Female,135194,16,4639,82154,11,12,4,12,Home & Kitchen,Hyderabad,1,3.7972107214872852,0.9099453440058708,High-Value Customers
CUST1055,41,Male,98595,15,5140,84790,12,10,6,9,Home & Kitchen,Delhi,1,3.4557764950396246,0.5421760678324964,High-Value Customers
CUST1056,23,Female,106171,21,3445,70890,7,11,8,13,Beauty,Mumbai,1,3.296673992441607,-0.16457578139202955,High-Value Customers
CUST1057,43,Female,102213,19,4414,86314,7,12,12,7,Home & Kitchen,Chennai,1,3.606420294219718,0.21968606759570325,High-Value Customers
CUST1058,28,Female,109621,19,3632,55702,11,14,9,10,Fashion,Pune,1,2.91967911846331,0.007757654224594559,High-Value Customers
CUST1059,50,Female,96002,13,4459,52607,10,19,8,5,Beauty,Bengaluru,1,2.4270391919828147,0.17025692000179513,High-Value Customers
CUST1060,48,Female,123765,21,4128,84659,12,4,15,6,Fashion,Pune,1,4.03770458952401,0.43163540231913455,High-Value Customers
CUST1061,57,Male,111933,19,3200,55591,9,4,14,5,Electronics,Bengaluru,1,3.0663752554947963,-0.2768273338339947,High-Value Customers
CUST1062,51,Male,94703,15,4707,74638,11,4,1,14,Electronics,Mumbai,1,3.270048823963758,0.16780122653016716,High-Value Customers
CUST1063,36,Male,100985,17,3870,76296,10,14,10,7,Electronics,Delhi,1,3.0422308942426777,0.13076366590989402,High-Value Customers
CUST1064,59,Male,119326,19,3908,67271,12,21,14,5,Electronics,Bengaluru,1,3.1318927527088554,0.4536245590256834,High-Value Customers
CUST1065,38,Male,126566,18,3616,60726,12,9,15,3,Fashion,Mumbai,1,3.244343971604096,0.27319006147546665,High-Value Customers
CUST1066,34,Female,142555,17,3843,66557,5,0,12,5,Grocery,Delhi,1,3.850009664902017,0.30880406367254754,High-Value Customers
CUST1067,57,Male,155211,18,4434,90091,3,0,7,11,Grocery,Chennai,1,4.646056945297139,0.7729175972901897,High-Value Customers
CUST1068,36,Female,120719,17,4097,62833,13,6,8,9,Electronics,Chennai,1,3.330682311233257,0.3365857427974126,High-Value Customers
CUST1069,24,Female,101344,18,4379,80401,14,8,16,2,Home & Kitchen,Mumbai,1,3.4184731454795547,0.30905864168077385,High-Value Customers
CUST1070,40,Male,85578,22,4398,110844,7,9,3,19,Electronics,Bengaluru,1,4.005559293888095,0.06860894501887145,High-Value Customers
CUST1071,53,Female,118694,11,4921,46979,4,12,8,3,Beauty,Chennai,1,2.9053349302306275,0.3492735455503931,High-Value Customers
CUST1072,29,Female,103781,17,4013,61227,10,10,11,6,Electronics,Hyderabad,1,3.00245644387843,0.023469402338526447,High-Value Customers
CUST1073,40,Female,109268,19,3394,62294,13,19,13,6,Home & Kitchen,Pune,1,2.790658456679082,0.12613188411987455,High-Value Customers
CUST1074,27,Male,106553,19,4783,87087,15,7,8,11,Fashion,Bengaluru,1,3.793542233884011,0.5416707967810456,High-Value Customers
CUST1075,48,Female,113057,17,4019,72765,12,6,7,10,Grocery,Bengaluru,1,3.356772825451794,0.2580999111166815,High-Value Customers
CUST1076,40,Female,129711,13,4809,63720,9,15,8,5,Fashion,Pune,1,3.26115248385161,0.7685496048958278,High-Value Customers
CUST1077,34,Female,117167,19,4409,71881,7,1,15,4,Grocery,Hyderabad,1,3.85249725795702,0.1558672299389566,High-Value Customers
CUST1078,30,Female,112811,23,4128,98868,10,15,2,21,Electronics,Pune,1,4.012819290953821,0.4521115356938654,High-Value Customers
CUST1079,44,Female,100708,14,4390,58626,9,13,9,5,Beauty,Hyderabad,1,2.776222580192132,0.1346928513789212,High-Value Customers
CUST1080,48,Male,91889,20,5265,116042,7,11,15,5,Home & Kitchen,Delhi,1,4.254618306235179,0.5063673382484604,High-Value Customers
CUST1081,58,Female,108289,17,5334,86126,16,23,2,15,Grocery,Mumbai,1,3.460373437070034,1.0108966475921801,High-Value Customers
CUST1082,39,Male,114258,18,4238,72397,15,8,12,6,Beauty,Chennai,1,3.4212932891196446,0.4239960793488728,High-Value Customers
CUST1083,28,Female,139397,15,4287,67096,13,26,2,13,Beauty,Delhi,1,3.110860445704406,1.0364007268618296,High-Value Customers
CUST1084,54,Male,116798,17,4788,86357,7,10,1,16,Electronics,Hyderabad,1,3.8278017096316583,0.5476938848606161,High-Value Customers
CUST1085,46,Male,128562,22,3738,85190,13,3,8,14,Fashion,Chennai,1,4.065664403278859,0.39696689893641884,High-Value Customers
CUST1086,49,Female,108110,20,4382,75819,12,12,7,13,Electronics,Chennai,1,3.527409957870422,0.3308298184728838,High-Value Customers
CUST1087,25,Male,98648,23,4186,100419,11,4,10,13,Electronics,Mumbai,1,4.095189692529562,0.13715246627245348,High-Value Customers
CUST1088,34,Female,101681,21,4371,84203,14,7,17,4,Home & Kitchen,Chennai,1,3.7115430779433707,0.26563597768095415,High-Value Customers
CUST1089,51,Male,104992,19,3745,72494,12,15,17,2,Beauty,Bengaluru,1,3.094503384020269,0.15416635278462418,High-Value Customers
CUST1090,54,Female,144373,23,3332,67909,12,16,19,4,Beauty,Chennai,1,3.697011934580362,0.5198144021413145,High-Value Customers
CUST1091,38,Female,103665,19,3068,60376,12,8,6,13,Home & Kitchen,Hyderabad,1,2.846084393347117,-0.24937184712489854,High-Value Customers
CUST1092,53,Male,126571,20,3590,67165,11,19,14,6,Grocery,Bengaluru,1,3.2583951357326537,0.3971796698405548,High-Value Customers
CUST1093,54,Female,102540,17,3950,60253,5,20,12,5,Beauty,Hyderabad,1,2.7965504136533847,-0.014751936046606602,High-Value Customers
CUST1094,37,Male,127856,18,4040,76871,10,22,16,2,Beauty,Bengaluru,1,3.361279156757466,0.6750663309318088,High-Value Customers
CUST1095,57,Female,120312,16,5258,85750,8,16,7,9,Electronics,Chennai,1,3.795838886354353,0.8564398159206977,High-Value Customers
CUST1096,33,Female,112838,21,4804,95926,6,22,11,10,Home & Kitchen,Mumbai,1,3.9433705678789264,0.6374247305529959,High-Value Customers
CUST1097,31,Female,114437,15,3675,61520,15,0,8,7,Beauty,Bengaluru,1,3.0557897475427693,0.13231996627625975,High-Value Customers
CUST1098,48,Male,105964,20,4390,84702,15,10,11,9,Fashion,Mumbai,1,3.629421136240498,0.43218848218517963,High-Value Customers
CUST1099,46,Male,121156,17,3978,67795,14,6,7,10,Fashion,Chennai,1,3.3548135754806565,0.38214823181899316,High-Value Customers
CUST1100,27,Female,108721,21,4045,86767,11,13,12,9,Beauty,Chennai,1,3.646629541556825,0.3087791419290744,High-Value Customers
CUST1101,54,Female,98087,20,4301,81759,14,8,4,16,Beauty,Bengaluru,1,3.511343948661293,0.20924856888533844,High-Value Customers
CUST1102,29,Male,97364,23,4538,108310,10,11,8,15,Beauty,Hyderabad,1,4.158258917184094,0.3522059772708341,High-Value Customers
CUST1103,53,Male,117382,20,4015,76869,11,25,1,19,Beauty,Bengaluru,1,3.271226612154399,0.5433976193695574,High-Value Customers
CUST1104,22,Male,136791,13,4781,60105,7,11,10,3,Electronics,Pune,1,3.4164167508084895,0.7197016496116833,High-Value Customers
CUST1105,53,Female,117208,18,3577,71395,11,15,4,14,Fashion,Bengaluru,1,3.1344314484569877,0.27442345799512713,High-Value Customers
CUST1106,52,Male,113363,15,4203,57803,10,10,5,10,Home & Kitchen,Hyderabad,1,3.002239526760727,0.22900974659185674,High-Value Customers
CUST1107,52,Male,118944,17,5618,77076,6,13,14,3,Home & Kitchen,Mumbai,1,3.937015173444867,0.7352790039168172,High-Value Customers
CUST1108,47,Female,133023,22,4322,107333,10,12,13,9,Home & Kitchen,Chennai,1,4.467093921167685,0.8513642665661191,High-Value Customers
CUST1109,40,Male,118027,20,4983,119974,10,15,11,9,Grocery,Hyderabad,1,4.4430575933298835,0.9968729090502284,High-Value Customers
CUST1110,49,Female,109329,16,4250,65795,15,20,5,11,Fashion,Bengaluru,1,2.8495354611190233,0.5174567749686678,High-Value Customers
CUST1111,32,Male,130267,15,4517,57258,13,24,13,2,Grocery,Hyderabad,1,2.965476049401991,0.8490213661971905,High-Value Customers
CUST1112,52,Female,120917,18,4169,73178,10,14,13,5,Fashion,Chennai,1,3.4366265721636036,0.45719653919096237,High-Value Customers
CUST1113,43,Female,136193,14,4107,56181,11,16,4,10,Fashion,Pune,1,3.037993465905557,0.6663013233132203,High-Value Customers
CUST1114,39,Female,117529,16,3774,59473,10,4,4,12,Electronics,Delhi,1,3.152799064000764,0.08229154607977494,High-Value Customers
CUST1115,41,Male,98102,19,4435,76758,9,11,16,3,Electronics,Chennai,1,3.415370302782032,0.12563343298368182,High-Value Customers
CUST1116,44,Female,96119,21,3735,82073,7,19,5,16,Beauty,Mumbai,1,3.2302980246797204,-0.024737477158913005,High-Value Customers
CUST1117,23,Female,137783,20,4563,95098,10,18,13,7,Fashion,Pune,1,4.156404165993493,1.012690809961632,High-Value Customers
CUST1118,27,Male,138787,11,4793,46416,8,13,8,3,Electronics,Bengaluru,1,3.050416956492401,0.7370198070166297,High-Value Customers
CUST1119,31,Male,112523,19,4400,88279,6,18,16,3,Grocery,Pune,1,3.6488007475563022,0.445273342411877,High-Value Customers
CUST1120,26,Male,109712,18,4044,84739,12,15,13,5,Home & Kitchen,Mumbai,1,3.3570689354083054,0.4276873667124599,High-Value Customers
CUST1121,39,Female,135168,19,4448,85672,11,20,10,9,Electronics,Delhi,1,3.818987383744552,0.9430602040105855,High-Value Customers
CUST1122,48,Female,99723,23,4031,90221,5,14,17,6,Fashion,Delhi,1,3.774586884023334,0.0025328040553297872,High-Value Customers
CUST1123,47,Female,102653,12,4711,55888,10,10,8,4,Electronics,Chennai,1,2.7772374115960377,0.2516611903977983,High-Value Customers
CUST1124,40,Female,123878,16,3200,53721,13,14,12,4,Grocery,Hyderabad,1,2.704675921766647,0.20911105417380071,High-Value Customers
CUST1125,55,Female,109554,20,4017,69212,13,0,15,5,Electronics,Hyderabad,1,3.5938158633962494,0.05196804845130263,High-Value Customers
CUST1126,44,Male,114929,13,3113,41001,13,15,2,11,Electronics,Chennai,1,2.137103936617438,0.02446930077638406,High-Value Customers
CUST1127,25,Male,112744,22,3384,72116,10,0,13,9,Electronics,Bengaluru,1,3.6618072502124637,-0.17074742784709868,High-Value Customers
CUST1128,51,Female,119659,19,4945,107837,7,0,14,5,Home & Kitchen,Delhi,1,4.591633414076114,0.6234174596527816,High-Value Customers
CUST1129,44,Male,134423,20,4689,92469,7,15,12,8,Electronics,Chennai,1,4.2243278350895075,0.8443348638286177,High-Value Customers
CUST1130,46,Female,116250,16,3807,69043,11,15,10,6,Beauty,Hyderabad,1,3.0186223050008727,0.3434034107009688,High-Value Customers
CUST1131,44,Female,123886,20,3380,61624,11,4,12,8,Electronics,Pune,1,3.415478466577432,0.03436132952467967,High-Value Customers
CUST1132,43,Male,86708,21,2581,56755,14,7,8,13,Home & Kitchen,Bengaluru,1,2.5447319978470624,-0.6598288057753195,High-Value Customers
CUST1133,25,Female,114328,19,3903,76057,13,22,12,7,Fashion,Hyderabad,1,3.1501449178376606,0.49575815085750385,High-Value Customers
CUST1134,43,Male,103363,19,5522,97616,10,9,9,10,Fashion,Delhi,1,4.16227197354896,0.66531160842329,High-Value Customers
CUST1135,53,Female,98180,19,4437,85508,6,28,3,16,Electronics,Hyderabad,1,3.1993965567037566,0.36630027311794644,High-Value Customers
CUST1136,33,Female,102881,16,3894,68356,9,12,12,4,Beauty,Chennai,1,2.95100029842719,0.06135757259647611,High-Value Customers
CUST1137,45,Female,110389,18,4454,78094,11,15,13,5,Beauty,Chennai,1,3.417290772781807,0.4610282066154957,High-Value Customers
CUST1138,23,Male,127639,18,3348,52102,9,23,11,7,Electronics,Delhi,1,2.7765272442445506,0.26633569529233153,High-Value Customers
CUST1139,35,Male,96696,19,4038,76608,8,13,10,9,Electronics,Bengaluru,1,3.2360746036912653,-1.992182337083034e-05,High-Value Customers
CUST1140,39,Male,115423,21,4254,82891,11,5,13,8,Beauty,Hyderabad,1,3.9308510295204004,0.3125388230142223,High-Value Customers
CUST1141,60,Male,108318,15,4153,60589,8,11,9,6,Home & Kitchen,Chennai,1,2.963019573991884,0.12249174537804831,High-Value Customers
CUST1142,30,Male,110478,18,4632,82828,8,12,6,12,Electronics,Hyderabad,1,3.6535033055384707,0.419760268484678,High-Value Customers
CUST1143,32,Male,128838,22,4388,83367,11,2,11,11,Electronics,Delhi,1,4.30266160665532,0.4851951226222345,High-Value Customers
CUST1144,37,Female,122426,16,4565,63598,9,10,5,11,Grocery,Hyderabad,1,3.4096487457639504,0.4579530942841215,High-Value Customers
CUST1145,60,Male,133456,16,3824,63546,11,7,8,8,Grocery,Delhi,1,3.3615155327380415,0.4385154668748984,High-Value Customers
CUST1146,55,Male,112868,19,4690,85387,11,18,9,10,Home & Kitchen,Bengaluru,1,3.633760596036643,0.644530147537387,High-Value Customers
CUST1147,23,Female,105396,20,5089,80903,7,12,18,2,Beauty,Hyderabad,1,3.8602770686589998,0.37758307193755297,High-Value Customers
CUST1148,31,Female,111911,18,3670,70213,9,10,10,8,Home & Kitchen,Pune,1,3.216969492381198,0.07991998162867585,High-Value Customers
CUST1149,54,Female,118346,22,3715,83518,14,11,4,18,Fashion,Hyderabad,1,3.6999230965450383,0.3716376647129998,High-Value Customers
CUST1150,24,Female,117437,20,4929,92956,7,14,13,7,Fashion,Bengaluru,1,4.099205878026235,0.6452668091583191,High-Value Customers
CUST1151,38,Male,72156,9,2072,16146,29,24,4,5,Fashion,Bengaluru,0,0.14985313885840967,-0.42102048143476206,Regular Customers
CUST1152,55,Male,55598,11,2480,27047,20,35,10,1,Home & Kitchen,Chennai,0,0.23208336321523665,-0.6032465998502208,Regular Customers
CUST1153,55,Male,64004,12,2280,26416,29,35,2,10,Grocery,Chennai,0,0.21659223909352052,-0.3019303874257942,Regular Customers
CUST1154,37,Female,76484,7,2000,11668,30,27,2,5,Electronics,Hyderabad,0,-0.10296082694725296,-0.29862247982937745,Regular Customers
CUST1155,34,Female,67651,13,1952,26170,26,19,5,8,Grocery,Delhi,0,0.6344102840718845,-0.6785285140458452,Regular Customers
CUST1156,42,Male,65699,9,1729,15086,24,36,7,2,Fashion,Delhi,0,-0.26320905266342004,-0.5815435081127287,Regular Customers
CUST1157,57,Male,81767,12,2283,22797,27,25,8,4,Grocery,Delhi,0,0.6631353756168299,-0.2727072503817883,Regular Customers
CUST1158,60,Female,61203,11,2099,24635,12,26,8,3,Grocery,Hyderabad,0,0.47031377273848357,-1.0010402272620365,Regular Customers
CUST1159,30,Male,63296,13,1522,22051,26,23,7,6,Grocery,Chennai,0,0.28839502826728625,-0.8322492105472953,Regular Customers
CUST1160,29,Female,71776,12,2047,27489,24,19,6,6,Grocery,Bengaluru,0,0.6968719429026642,-0.6168788451761874,Regular Customers
CUST1161,49,Female,73280,7,1942,13987,25,15,4,3,Beauty,Chennai,0,0.21088396495730832,-0.6606717408334017,Regular Customers
CUST1162,33,Male,74169,10,2651,26604,28,29,6,4,Home & Kitchen,Chennai,0,0.483689525976171,-0.12631623958838786,Regular Customers
CUST1163,29,Male,77654,11,1713,20845,25,20,4,7,Grocery,Chennai,0,0.4673091558123142,-0.6095368394772082,Regular Customers
CUST1164,23,Male,71668,11,1788,22312,20,46,10,1,Grocery,Hyderabad,0,-0.08666335984181972,-0.42548943649520077,Regular Customers
CUST1165,37,Male,74111,12,2517,32949,24,17,9,3,Fashion,Bengaluru,0,1.0019367814757465,-0.4417605839077749,Regular Customers
CUST1166,37,Male,67823,12,2588,28717,25,16,7,5,Fashion,Chennai,0,0.8871723244545141,-0.5383064942913514,Regular Customers
CUST1167,43,Female,70527,12,1987,24227,26,29,7,5,Home & Kitchen,Mumbai,0,0.35932170649650785,-0.47465102037920925,Regular Customers
CUST1168,29,Male,70903,11,2019,22992,26,36,5,6,Fashion,Bengaluru,0,0.1271918711309611,-0.3467854252459008,Regular Customers
CUST1169,49,Female,71807,8,2376,16258,30,25,3,5,Fashion,Pune,0,0.13556786642608448,-0.28076216304005397,Regular Customers
CUST1170,48,Female,76489,10,1534,15921,20,29,8,2,Fashion,Bengaluru,0,0.12037379450558618,-0.7040723000808289,Regular Customers
CUST1171,40,Male,74663,12,1668,23651,26,12,2,10,Grocery,Hyderabad,0,0.6903344903200817,-0.7525556403470463,Regular Customers
CUST1172,29,Male,70371,9,2120,20054,31,20,4,5,Fashion,Chennai,0,0.25843071531306644,-0.4037631772589645,Regular Customers
CUST1173,41,Male,63203,12,2643,35458,17,17,10,2,Grocery,Hyderabad,0,1.0292415084182307,-0.7481020357770246,Regular Customers
CUST1174,48,Female,70568,13,2075,27375,26,12,10,3,Home & Kitchen,Chennai,0,0.8891208536472666,-0.6957874750445152,Regular Customers
CUST1175,36,Male,69765,11,2229,24374,22,26,7,4,Grocery,Chennai,0,0.48204438873078376,-0.557677120620727,Regular Customers
CUST1176,32,Female,71623,6,2524,15608,23,9,2,4,Electronics,Mumbai,0,0.490489739517964,-0.6422226620163157,Regular Customers
CUST1177,41,Female,88535,9,2803,23577,21,16,3,6,Home & Kitchen,Bengaluru,0,1.0079041699644733,-0.2683352296411074,Regular Customers
CUST1178,35,Female,65600,14,2035,26294,24,21,8,6,Electronics,Chennai,0,0.6895118002212526,-0.7347078009384916,Regular Customers
CUST1179,37,Female,73547,10,2195,24176,33,19,2,8,Grocery,Delhi,0,0.4498198285971339,-0.2811605189754543,Regular Customers
CUST1180,35,Female,78975,8,2721,24159,19,28,4,4,Fashion,Chennai,0,0.545095941350055,-0.28561235709381183,Regular Customers
CUST1181,33,Female,70823,13,1765,21122,20,27,10,3,Beauty,Hyderabad,0,0.4506270233855405,-0.7763832077342222,Regular Customers
CUST1182,49,Female,89638,11,2494,29557,19,31,5,6,Fashion,Hyderabad,0,0.8409368828829821,-0.16131977312775514,Regular Customers
CUST1183,39,Female,66824,13,1909,24641,33,30,8,5,Home & Kitchen,Bengaluru,0,0.2386304154783522,-0.35394721642337945,Regular Customers
CUST1184,40,Female,72722,11,2229,25189,23,33,8,3,Fashion,Hyderabad,0,0.36115589061942266,-0.3754571820155881,Regular Customers
CUST1185,47,Female,63290,12,2131,26509,25,25,8,4,Grocery,Chennai,0,0.4440526706531125,-0.6119896576793631,Regular Customers
CUST1186,36,Male,67047,12,1926,24951,23,27,5,7,Home & Kitchen,Mumbai,0,0.39080415781822553,-0.6509418660145626,Regular Customers
CUST1187,25,Female,72091,12,1919,23178,21,29,10,2,Fashion,Chennai,0,0.4153799256126693,-0.6205000673271552,Regular Customers
CUST1188,55,Male,77109,15,2279,38042,24,26,10,5,Fashion,Chennai,0,1.0496305535394421,-0.34817055537192004,Regular Customers
CUST1189,24,Female,72680,13,2485,33101,36,22,10,3,Electronics,Bengaluru,0,0.7612245369945406,-0.07636298402678096,Regular Customers
CUST1190,44,Male,80577,8,2163,18167,31,23,6,2,Electronics,Delhi,0,0.24506611287639146,-0.1917668510625446,Regular Customers
CUST1191,32,Female,69202,12,2220,24865,21,19,8,4,Beauty,Pune,0,0.722691101726631,-0.7169983237740721,Regular Customers
CUST1192,30,Female,67210,13,2363,36029,28,28,7,6,Home & Kitchen,Delhi,0,0.6676866041873717,-0.3040067474679622,Regular Customers
CUST1193,23,Female,92713,13,1922,25927,21,24,10,3,Electronics,Mumbai,0,0.9210787531574287,-0.38577949373242587,Regular Customers
CUST1194,57,Male,73312,10,2412,25491,17,20,2,8,Beauty,Mumbai,0,0.7406011121406253,-0.6568099958164738,Regular Customers
CUST1195,38,Female,63956,13,2434,27575,30,20,12,1,Electronics,Hyderabad,0,0.6784585328624998,-0.46593627028571166,Regular Customers
CUST1196,35,Female,64168,13,2945,35761,30,17,7,6,Home & Kitchen,Delhi,0,1.0290972284202535,-0.3031367098854296,Regular Customers
CUST1197,50,Female,62081,16,2092,36794,30,32,3,13,Grocery,Hyderabad,0,0.6172017134467225,-0.39285763295025794,Regular Customers
CUST1198,23,Female,77867,10,2069,21165,23,26,4,6,Beauty,Bengaluru,0,0.40991661486992814,-0.4572228229368879,Regular Customers
CUST1199,44,Female,66939,10,2420,20494,24,19,5,5,Grocery,Mumbai,0,0.5079583488333658,-0.6069920190703417,Regular Customers
CUST1200,41,Female,71070,10,2434,26365,28,31,2,8,Home & Kitchen,Hyderabad,0,0.32336093047088976,-0.20195482266928697,Regular Customers
CUST1201,43,Male,69467,10,2047,19579,27,21,6,4,Beauty,Chennai,0,0.32194657097882445,-0.5607183911336863,Regular Customers
CUST1202,26,Female,76145,9,2085,20881,23,15,5,4,Electronics,Bengaluru,0,0.5651288072319934,-0.6216350195657849,Regular Customers
CUST1203,59,Male,62887,6,2355,14029,18,32,3,3,Beauty,Bengaluru,0,-0.15438745944329205,-0.6331192678484514,Regular Customers
CUST1204,31,Female,60965,10,1963,19955,26,21,5,5,Grocery,Pune,0,0.198845855730938,-0.7340752488413602,Regular Customers
CUST1205,48,Female,71884,12,2083,27348,30,22,4,8,Beauty,Bengaluru,0,0.5542421374111633,-0.39213325204191396,Regular Customers
CUST1206,51,Male,75048,10,2226,20658,20,25,6,4,Fashion,Pune,0,0.48000953982426925,-0.5619994603019836,Regular Customers
CUST1207,35,Male,72793,14,2485,32025,28,33,13,1,Electronics,Hyderabad,0,0.6841312212928335,-0.17066457634434337,Regular Customers
CUST1208,27,Male,63201,11,2027,21947,26,25,5,6,Grocery,Pune,0,0.25899243171927205,-0.6295944237229067,Regular Customers
CUST1209,33,Female,75691,13,1673,23189,28,17,8,5,Home & Kitchen,Chennai,0,0.6290602133236542,-0.6306529130087664,Regular Customers
CUST1210,53,Male,63752,11,1652,16236,29,29,7,4,Home & Kitchen,Delhi,0,-0.0680490806775077,-0.6242669946815596,Regular Customers
CUST1211,57,Male,65619,12,1840,19132,22,22,6,6,Beauty,Hyderabad,0,0.38860917405437456,-0.8460435852945477,Regular Customers
CUST1212,58,Female,62071,11,1824,21391,18,38,6,5,Grocery,Bengaluru,0,-0.009323426364657645,-0.7406770393716078,Regular Customers
CUST1213,30,Male,80930,13,2156,26673,23,25,7,6,Fashion,Bengaluru,0,0.7947730899762266,-0.4208044610876328,Regular Customers
CUST1214,45,Female,75321,11,1860,19818,29,9,3,8,Home & Kitchen,Bengaluru,0,0.6598671517096741,-0.6622472953075659,Regular Customers
CUST1215,27,Male,75082,12,1999,20425,23,28,5,7,Electronics,Bengaluru,0,0.4366769943560291,-0.5362349182607685,Regular Customers
CUST1216,49,Male,80477,12,1979,22454,22,39,4,8,Fashion,Mumbai,0,0.2978688498463755,-0.3108903966926629,Regular Customers
CUST1217,38,Male,93626,10,2074,20728,17,36,7,3,Electronics,Delhi,0,0.47933371723605817,-0.24956344468245842,Regular Customers
CUST1218,49,Male,55643,12,2578,33242,33,38,9,3,Grocery,Mumbai,0,0.16996497300020585,-0.13161870571087783,Regular Customers
CUST1219,48,Male,63798,15,2389,33628,29,18,11,4,Grocery,Hyderabad,0,0.9504119864090341,-0.5293144861419223,Regular Customers
CUST1220,60,Female,64824,11,2205,27466,28,31,6,5,Home & Kitchen,Hyderabad,0,0.25208975097779013,-0.36674148587989636,Regular Customers
CUST1221,41,Male,62853,12,2068,23459,29,20,10,2,Fashion,Pune,0,0.430667126927674,-0.6206861939029372,Regular Customers
CUST1222,35,Male,60948,13,2076,25514,28,27,5,8,Grocery,Pune,0,0.3637257676075144,-0.5760515369622341,Regular Customers
CUST1223,42,Male,67483,13,2294,33486,24,16,8,5,Grocery,Bengaluru,0,0.9420038722427113,-0.6301220860329872,Regular Customers
CUST1224,28,Male,59781,11,2367,26478,24,20,9,2,Beauty,Delhi,0,0.527328531767027,-0.6829060907612498,Regular Customers
CUST1225,26,Female,72814,7,1940,12983,23,20,4,3,Home & Kitchen,Bengaluru,0,0.10498423657827588,-0.6598743171365679,Regular Customers
CUST1226,42,Male,70434,12,2210,26196,37,31,8,4,Grocery,Pune,0,0.2549977912875116,-0.05826986799570641,Regular Customers
CUST1227,54,Female,74041,7,1619,12559,28,31,3,4,Home & Kitchen,Delhi,0,-0.3074718212751376,-0.4256201904851223,Regular Customers
CUST1228,42,Male,74265,14,2261,35360,23,27,7,7,Home & Kitchen,Mumbai,0,0.8871860877223086,-0.4102125517519727,Regular Customers
CUST1229,52,Male,75065,11,2418,24860,27,16,4,7,Beauty,Chennai,0,0.7766339952797985,-0.4302621730299492,Regular Customers
CUST1230,28,Male,66863,13,2120,27465,20,23,6,7,Fashion,Mumbai,0,0.6909537067282311,-0.7467963851962621,Regular Customers
CUST1231,39,Male,87818,9,2720,24652,32,20,3,6,Fashion,Chennai,0,0.7391957090402457,0.08009768077552451,Regular Customers
CUST1232,45,Female,71969,8,1948,14354,22,31,3,5,Fashion,Pune,0,-0.047797648429592075,-0.546426650880874,Regular Customers
CUST1233,35,Male,54355,11,2262,24773,27,33,7,4,Home & Kitchen,Bengaluru,0,0.058389921828384136,-0.5286258908387554,Regular Customers
CUST1234,22,Male,61580,11,2190,24098,30,32,6,5,Home & Kitchen,Mumbai,0,0.10400977199098768,-0.3756305302106961,Regular Customers
CUST1235,24,Female,55380,10,2171,23694,27,20,6,4,Grocery,Delhi,0,0.25078568082941344,-0.7166897600639935,Regular Customers
CUST1236,58,Female,70146,11,2167,26143,25,6,10,1,Home & Kitchen,Chennai,0,0.9025131473495983,-0.7625231230196792,Regular Customers
CUST1237,45,Female,68977,16,2231,34750,25,13,9,7,Fashion,Bengaluru,1,1.2281699509395827,-0.6933581391630539,High-Value Customers
CUST1238,32,Female,66065,12,2443,28809,25,35,6,6,Beauty,Mumbai,0,0.38796389046871843,-0.32201303722888697,Regular Customers
CUST1239,32,Female,86892,13,2594,35515,22,22,4,9,Fashion,Bengaluru,1,1.2240180374680776,-0.2149339881970751,High-Value Customers
CUST1240,23,Female,74611,12,2199,25157,23,20,11,1,Beauty,Chennai,0,0.742625554295789,-0.5682978381413849,Regular Customers
CUST1241,58,Female,76099,14,2433,35669,32,36,12,2,Fashion,Chennai,0,0.6392900033126034,0.05341441325409668,Regular Customers
CUST1242,26,Male,62179,11,1999,21838,25,34,6,5,Home & Kitchen,Bengaluru,0,0.045074942290380095,-0.5489680262641584,Regular Customers
CUST1243,51,Female,61607,7,2419,15620,21,25,4,3,Home & Kitchen,Mumbai,0,0.058349353268270905,-0.6607415458618258,Regular Customers
CUST1244,31,Male,70309,11,1982,20134,23,23,7,4,Grocery,Hyderabad,0,0.40381332774565926,-0.6662599178358569,Regular Customers
CUST1245,35,Female,71453,12,2512,33633,30,24,3,9,Electronics,Chennai,0,0.7296625368279924,-0.20292037632184973,Regular Customers
CUST1246,32,Female,54407,9,2832,25171,28,27,7,2,Beauty,Hyderabad,0,0.225763443016514,-0.39176916896979797,Regular Customers
CUST1247,54,Male,68485,11,2165,26941,28,36,3,8,Home & Kitchen,Bengaluru,0,0.16851513563105325,-0.25385669182315757,Regular Customers
CUST1248,23,Female,70118,10,1573,15083,24,28,6,4,Grocery,Bengaluru,0,-0.0003639370173561108,-0.6962182476914498,Regular Customers
CUST1249,35,Female,68193,14,2043,29272,28,30,7,7,Home & Kitchen,Mumbai,0,0.5088390717160424,-0.42268428179331713,Regular Customers
CUST1250,32,Male,63168,12,2552,36490,22,33,4,8,Electronics,Bengaluru,0,0.5806599125380782,-0.3860383077949023,Regular Customers
CUST1251,32,Female,65468,12,2358,25904,24,17,4,8,Home & Kitchen,Hyderabad,0,0.7331600223746039,-0.671293185222152,Regular Customers
CUST1252,29,Female,68514,12,2271,23116,29,30,9,3,Fashion,Delhi,0,0.3414680714785352,-0.3390156146263442,Regular Customers
CUST1253,57,Female,70763,11,2488,30191,29,23,8,3,Fashion,Hyderabad,0,0.6291295938243763,-0.27050512444178726,Regular Customers
CUST1254,36,Male,75080,11,2339,24023,21,7,10,1,Grocery,Mumbai,0,1.0291268657923633,-0.7611253640804614,Regular Customers
CUST1255,38,Male,79079,9,2548,22896,21,10,1,8,Home & Kitchen,Chennai,0,0.9236368755367576,-0.5696969014259038,Regular Customers
CUST1256,37,Female,67527,7,2463,16433,25,18,2,5,Electronics,Chennai,0,0.2660080857091144,-0.5438374674893078,Regular Customers
CUST1257,60,Male,66168,11,2635,29609,33,29,6,5,Electronics,Chennai,0,0.41229732779417094,-0.10266382246902038,Regular Customers
CUST1258,35,Male,73676,12,2303,25530,16,26,8,4,Fashion,Pune,0,0.7325871693835077,-0.6623992507173305,Regular Customers
CUST1259,35,Male,75131,13,2459,31506,26,26,11,2,Fashion,Pune,0,0.8158927234378298,-0.28597271311450045,Regular Customers
CUST1260,34,Male,66353,14,2112,30634,19,39,6,8,Grocery,Chennai,0,0.44997083032091184,-0.5437695084721081,Regular Customers
CUST1261,34,Female,76639,14,2028,26102,22,16,3,11,Fashion,Chennai,0,0.9767363274485945,-0.7051320540983932,Regular Customers
CUST1262,25,Female,78229,9,2688,22838,23,25,4,5,Beauty,Bengaluru,0,0.5878431295834149,-0.2681619045893915,Regular Customers
CUST1263,45,Female,80850,10,2262,21990,23,27,6,4,Fashion,Mumbai,0,0.5013937381735124,-0.34049496164415255,Regular Customers
CUST1264,22,Female,84938,12,2430,25829,23,20,1,11,Electronics,Mumbai,0,0.9668000301421663,-0.34876952955499363,Regular Customers
CUST1265,30,Male,62722,15,2235,32397,25,25,11,4,Beauty,Mumbai,0,0.767629492546498,-0.606953795936211,Regular Customers
CUST1266,29,Male,70117,14,2032,28722,23,14,7,7,Fashion,Delhi,0,0.9573814771381615,-0.7795444532758257,Regular Customers
CUST1267,33,Male,70095,13,2203,27725,18,35,3,10,Home & Kitchen,Bengaluru,0,0.5221193582693169,-0.55506410886136,Regular Customers
CUST1268,51,Male,69176,10,2611,25540,29,20,5,5,Beauty,Mumbai,0,0.5772156512185339,-0.32389464607343577,Regular Customers
CUST1269,45,Male,64546,9,2359,21195,28,39,1,8,Beauty,Hyderabad,0,-0.11559518835351959,-0.22306784455331397,Regular Customers
CUST1270,60,Male,57521,12,1711,19449,29,25,10,2,Grocery,Bengaluru,0,0.0736007446397231,-0.7540117128598914,Regular Customers
CUST1271,35,Male,70779,9,2138,20310,18,32,7,2,Electronics,Delhi,0,0.187365621963288,-0.5839496565471181,Regular Customers
CUST1272,58,Male,63546,11,2710,33231,26,25,6,5,Grocery,Chennai,0,0.6425800963737032,-0.34914678660453957,Regular Customers
CUST1273,23,Female,70722,11,2139,22653,28,25,7,4,Beauty,Mumbai,0,0.37877997406452335,-0.4257967540723421,Regular Customers
CUST1274,41,Female,63330,14,1685,24507,20,21,5,9,Beauty,Mumbai,0,0.5783382409026622,-0.9894245813579767,Regular Customers
CUST1275,53,Female,60763,10,2741,26889,25,26,6,4,Electronics,Delhi,0,0.4446207261878007,-0.4283447279148622,Regular Customers
CUST1276,42,Female,71968,7,2395,17256,24,27,4,3,Fashion,Hyderabad,0,0.12698401135981388,-0.38491893247663556,Regular Customers
CUST1277,58,Female,71268,12,2180,29437,33,20,8,4,Fashion,Bengaluru,0,0.6090070914281774,-0.30214527546926134,Regular Customers
CUST1278,34,Male,74866,10,2094,21790,34,24,4,6,Electronics,Pune,0,0.27408321203035485,-0.20633675256358996,Regular Customers
CUST1279,23,Female,88361,11,2510,23689,18,21,8,3,Grocery,Pune,0,0.9859375393623767,-0.40135461796961025,Regular Customers
CUST1280,52,Male,72329,11,2045,23312,36,41,6,5,Fashion,Hyderabad,0,-0.096534026227904,0.04199298580003213,Regular Customers
CUST1281,24,Male,74075,11,2528,30556,21,24,8,3,Fashion,Pune,0,0.7838612887307249,-0.42066995938906104,Regular Customers
CUST1282,51,Male,60948,12,2355,27760,29,36,8,4,Electronics,Bengaluru,0,0.19540478493444874,-0.30136331779262004,Regular Customers
CUST1283,50,Male,59190,8,2270,19606,29,24,7,1,Home & Kitchen,Mumbai,0,0.014238649514263856,-0.5104619943731628,Regular Customers
CUST1284,54,Male,83296,10,2242,21179,21,27,6,4,Fashion,Delhi,0,0.5453632793528354,-0.373278118156805,Regular Customers
CUST1285,40,Female,62243,12,2150,22733,27,16,6,6,Home & Kitchen,Bengaluru,0,0.5573953314449085,-0.7300610987486335,Regular Customers
CUST1286,56,Female,61231,10,2499,25273,25,22,7,3,Electronics,Hyderabad,0,0.441172832047282,-0.5577087489996359,Regular Customers
CUST1287,28,Female,69672,8,1953,13425,27,26,5,3,Beauty,Delhi,0,-0.048909825785970945,-0.5183816013499876,Regular Customers
CUST1288,38,Female,69242,12,1736,20434,26,36,10,2,Electronics,Pune,0,0.04911636291522869,-0.4888161932215439,Regular Customers
CUST1289,26,Female,62419,13,2376,34064,30,27,3,10,Home & Kitchen,Delhi,0,0.572706692414126,-0.34602031352824897,Regular Customers
CUST1290,51,Male,67438,11,2381,22185,25,35,8,3,Fashion,Bengaluru,0,0.22123578949717285,-0.3527880467536253,Regular Customers
CUST1291,49,Female,80327,8,2337,16785,24,29,4,4,Electronics,Delhi,0,0.24181099379031143,-0.2721317847973179,Regular Customers
CUST1292,53,Female,63230,12,2317,25504,30,36,2,10,Fashion,Chennai,0,0.16799637387880367,-0.2681983250967244,Regular Customers
CUST1293,51,Male,58293,8,2108,16781,28,25,5,3,Electronics,Hyderabad,0,-0.09832241966637872,-0.6040398692525417,Regular Customers
CUST1294,34,Male,77918,12,2425,28251,28,42,7,5,Electronics,Hyderabad,0,0.3344609974312208,0.03255215191189582,Regular Customers
CUST1295,24,Female,74135,9,2187,21886,22,22,5,4,Home & Kitchen,Pune,0,0.4404520322310793,-0.5414335696805639,Regular Customers
CUST1296,58,Female,64788,9,2061,19962,20,20,1,8,Grocery,Delhi,0,0.31927250399044277,-0.8157244876595073,Regular Customers
CUST1297,41,Male,56710,10,2111,21944,22,17,3,7,Electronics,Mumbai,0,0.3641728570666777,-0.9140003951907281,Regular Customers
CUST1298,25,Female,63745,11,2778,30913,22,41,8,3,Home & Kitchen,Mumbai,0,0.32897580768549095,-0.22611406077141383,Regular Customers
CUST1299,58,Male,69540,10,1704,17574,29,31,7,3,Grocery,Hyderabad,0,-0.0702577613776461,-0.4627985508220123,Regular Customers
CUST1300,60,Male,79792,12,2343,26176,29,23,11,1,Fashion,Hyderabad,0,0.720162445406348,-0.23013296760341642,Regular Customers
CUST1301,27,Male,40495,8,857,6732,32,49,7,1,Grocery,Bengaluru,0,-1.484398224639345,-0.8150561478449426,Regular Customers
CUST1302,41,Male,34313,6,930,5802,34,39,2,4,Electronics,Bengaluru,0,-1.5035650330561392,-0.9431336440351769,Regular Customers
CUST1303,35,Female,35224,6,843,5105,49,46,5,1,Grocery,Chennai,0,-1.9016055157233807,-0.42866262744011585,Regular Customers
CUST1304,22,Female,43139,6,1103,4989,44,39,5,1,Home & Kitchen,Bengaluru,0,-1.4823266532153239,-0.4892047567736929,Regular Customers
CUST1305,26,Female,42444,7,988,7018,36,43,5,2,Electronics,Hyderabad,0,-1.404602187177624,-0.7025603349060879,Regular Customers
CUST1306,41,Male,34779,8,995,8372,40,60,3,5,Grocery,Hyderabad,0,-1.8581341409486145,-0.45998647369662843,Regular Customers
CUST1307,25,Male,34655,7,1118,8103,39,46,4,3,Electronics,Hyderabad,0,-1.564498548087878,-0.6450349181566168,Regular Customers
CUST1308,55,Female,35056,5,1093,5419,19,37,0,5,Electronics,Pune,0,-1.2586788100594097,-1.3273521000441555,Regular Customers
CUST1309,51,Female,41341,6,1045,7090,32,46,2,4,Grocery,Chennai,0,-1.482620107781892,-0.7516523408868659,Regular Customers
CUST1310,49,Male,33440,7,774,5556,38,36,3,4,Home & Kitchen,Chennai,0,-1.4866179998664923,-0.9508629040891448,Regular Customers
CUST1311,28,Female,39627,9,864,8049,36,37,6,3,Beauty,Chennai,0,-1.1892553194576516,-0.8990737441515917,Regular Customers
CUST1312,53,Male,41406,7,826,6265,40,38,5,2,Grocery,Chennai,0,-1.4252000251704526,-0.7268006826352462,Regular Customers
CUST1313,46,Male,37598,7,1040,7490,46,42,3,4,Grocery,Hyderabad,0,-1.5674726175607052,-0.48691832454803147,Regular Customers
CUST1314,37,Male,42606,8,971,7210,36,52,2,6,Fashion,Pune,0,-1.5374182671730006,-0.591750500546068,Regular Customers
CUST1315,22,Male,36612,7,778,4385,31,49,2,5,Electronics,Delhi,0,-1.6531132556162356,-0.9204464280288144,Regular Customers
CUST1316,42,Male,37025,7,927,6239,40,49,5,2,Beauty,Mumbai,0,-1.7020046900669628,-0.6033722243918455,Regular Customers
CUST1317,53,Female,33544,6,765,4872,36,37,5,1,Electronics,Bengaluru,0,-1.5633308351030462,-0.9784006257201008,Regular Customers
CUST1318,23,Female,42638,9,943,8251,37,41,4,5,Home & Kitchen,Chennai,0,-1.2249258007762989,-0.7446055769314938,Regular Customers
CUST1319,24,Female,34505,4,746,3173,36,47,3,1,Fashion,Bengaluru,0,-1.9497737884138973,-0.7938030076241771,Regular Customers
CUST1320,36,Male,39595,8,1015,8219,53,41,7,1,Fashion,Bengaluru,0,-1.543777555707929,-0.29458601993209516,Regular Customers
CUST1321,41,Male,37675,6,997,6596,23,43,3,3,Grocery,Delhi,0,-1.3584927143693846,-1.122990152844111,Regular Customers
CUST1322,40,Male,33199,7,1186,8103,35,48,4,3,Grocery,Hyderabad,0,-1.5507383064870202,-0.7330431836736396,Regular Customers
CUST1323,38,Female,35222,9,1055,9848,38,43,6,3,Grocery,Chennai,0,-1.3270157036418595,-0.7535816499712246,Regular Customers
CUST1324,31,Male,44306,6,898,5605,33,47,4,2,Beauty,Bengaluru,0,-1.5472738792172682,-0.7158271462926566,Regular Customers
CUST1325,24,Female,38920,6,1051,7064,44,56,3,3,Fashion,Chennai,0,-1.9118516612530836,-0.29755294464460474,Regular Customers
CUST1326,23,Female,33398,7,777,4699,44,44,5,2,Home & Kitchen,Delhi,0,-1.7652292947038262,-0.6694698677179571,Regular Customers
CUST1327,25,Female,39392,7,831,5605,38,53,3,4,Electronics,Chennai,0,-1.7714719195707171,-0.5969489603569353,Regular Customers
CUST1328,48,Male,37334,6,991,6351,36,49,4,2,Grocery,Chennai,0,-1.6900516834208847,-0.6735325597906291,Regular Customers
CUST1329,52,Female,53750,5,683,3840,37,35,3,2,Fashion,Chennai,0,-1.3693431374014724,-0.6890975093509152,Regular Customers
CUST1330,38,Male,39300,6,945,5781,37,37,2,4,Home & Kitchen,Pune,0,-1.4286730501541327,-0.8095759467560675,Regular Customers
CUST1331,25,Male,36264,9,824,7242,37,39,4,5,Fashion,Hyderabad,0,-1.318912275812601,-0.9083675294466614,Regular Customers
CUST1332,38,Female,44475,7,963,7146,37,39,3,4,Grocery,Mumbai,0,-1.3068240461893192,-0.7084160840630306,Regular Customers
CUST1333,60,Female,29605,8,817,6989,40,44,7,1,Grocery,Bengaluru,0,-1.6429896481921675,-0.8308015462128951,Regular Customers
CUST1334,31,Female,38430,7,1002,6815,43,49,5,2,Beauty,Chennai,0,-1.6935247590416236,-0.47258728083366724,Regular Customers
CUST1335,41,Male,47095,6,952,5865,30,54,5,1,Electronics,Pune,0,-1.6039368652473438,-0.6403616592304576,Regular Customers
CUST1336,42,Female,37470,9,1123,11061,31,47,7,2,Beauty,Chennai,0,-1.2479762441013258,-0.8323442523845701,Regular Customers
CUST1337,34,Female,30096,7,951,7662,26,42,3,4,Fashion,Chennai,0,-1.410087261345483,-1.189009318336693,Regular Customers
CUST1338,39,Male,36195,6,855,5435,44,30,5,1,Fashion,Hyderabad,0,-1.4461834205359239,-0.7861406360248637,Regular Customers
CUST1339,40,Female,44633,8,920,7382,40,45,1,7,Fashion,Chennai,0,-1.4223109684153123,-0.5629680193136265,Regular Customers
CUST1340,40,Male,39715,6,784,4684,41,45,4,2,Fashion,Chennai,0,-1.7283697430950413,-0.6235281219008563,Regular Customers
CUST1341,49,Female,34175,6,1000,6269,28,46,3,3,Home & Kitchen,Pune,0,-1.5492065614786614,-0.9904138904004731,Regular Customers
CUST1342,44,Female,34875,7,1023,7094,50,60,2,5,Fashion,Hyderabad,0,-2.080305745587226,-0.15627417971855256,Regular Customers
CUST1343,24,Female,35448,7,1255,8918,34,54,3,4,Fashion,Bengaluru,0,-1.6079958512204178,-0.6147608487348435,Regular Customers
CUST1344,22,Female,39647,7,873,5595,39,50,4,3,Grocery,Bengaluru,0,-1.7010628963115855,-0.5979175509135726,Regular Customers
CUST1345,38,Male,44102,10,917,10121,44,38,3,7,Grocery,Mumbai,0,-1.1473145900159787,-0.580227921174101,Regular Customers
CUST1346,57,Female,42799,7,879,5591,31,41,3,4,Grocery,Chennai,0,-1.3382264549915874,-0.909765035368303,Regular Customers
CUST1347,23,Female,40079,4,976,3770,34,44,2,2,Grocery,Chennai,0,-1.6952669730148546,-0.7466608837626921,Regular Customers
CUST1348,24,Male,31928,7,997,7034,39,40,5,2,Electronics,Mumbai,0,-1.5197182447631195,-0.8146905812360192,Regular Customers
CUST1349,48,Male,31945,7,943,7656,58,49,5,2,Grocery,Mumbai,0,-2.0030456356708517,-0.15037733257164693,Regular Customers
CUST1350,39,Female,40432,7,1084,7333,40,47,1,6,Electronics,Delhi,0,-1.5445211517685293,-0.5317381085572234,Regular Customers
CUST1351,30,Female,31865,7,874,5791,49,37,4,3,Fashion,Bengaluru,0,-1.6524916445458613,-0.6182257398448269,Regular Customers
CUST1352,30,Male,36971,7,1072,7172,46,53,4,3,Electronics,Chennai,0,-1.8193468624819757,-0.3285113267234605,Regular Customers
CUST1353,47,Female,39387,7,1017,8060,41,46,1,6,Grocery,Hyderabad,0,-1.5615032385938798,-0.5449912643938902,Regular Customers
CUST1354,42,Female,32813,8,949,5881,31,33,5,3,Fashion,Mumbai,0,-1.1952096103284768,-1.1758715660404204,Regular Customers
CUST1355,46,Male,33329,6,911,5028,45,45,5,1,Grocery,Chennai,0,-1.8269997977198078,-0.567997532975974,Regular Customers
CUST1356,32,Male,37571,6,1250,9137,28,47,5,1,Fashion,Hyderabad,0,-1.4048281905280469,-0.8352715544571137,Regular Customers
CUST1357,42,Female,40297,11,849,9782,49,52,7,4,Home & Kitchen,Chennai,0,-1.542664405597543,-0.3302608645886502,Regular Customers
CUST1358,55,Female,42841,6,987,5397,39,43,2,4,Home & Kitchen,Pune,0,-1.536850692026098,-0.6040619191736138,Regular Customers
CUST1359,34,Female,40768,7,857,5981,20,51,4,3,Electronics,Pune,0,-1.4367016778552846,-1.1080407170705098,Regular Customers
CUST1360,37,Male,38336,5,1171,5884,36,46,3,2,Home & Kitchen,Hyderabad,0,-1.6289812694237322,-0.6381541392147132,Regular Customers
CUST1361,28,Female,34597,7,1060,7919,42,36,5,2,Grocery,Delhi,0,-1.4028983248824638,-0.7246183675444026,Regular Customers
CUST1362,46,Female,33117,6,866,5962,36,35,5,1,Home & Kitchen,Delhi,0,-1.4760641061842816,-0.9783539721331173,Regular Customers
CUST1363,23,Female,35670,6,1013,6269,43,53,3,3,Electronics,Chennai,0,-1.8973909286533008,-0.435057894446356,Regular Customers
CUST1364,31,Male,39869,8,982,7515,32,53,6,2,Grocery,Bengaluru,0,-1.5323730185745346,-0.7258929796436245,Regular Customers
CUST1365,49,Female,39535,8,886,7536,29,47,4,4,Fashion,Mumbai,0,-1.3886472354495287,-0.9296311078634847,Regular Customers
CUST1366,22,Male,28424,8,1044,7883,38,55,5,3,Electronics,Chennai,0,-1.794239275000185,-0.6758903532573556,Regular Customers
CUST1367,60,Male,34417,5,998,4578,38,52,3,2,Fashion,Bengaluru,0,-1.920700368295147,-0.6075914181796922,Regular Customers
CUST1368,37,Female,43493,9,977,7552,36,50,4,5,Home & Kitchen,Bengaluru,0,-1.4018174009677205,-0.6248324291068427,Regular Customers
CUST1369,37,Female,38361,6,945,4959,46,39,5,1,Fashion,Delhi,0,-1.626971739415254,-0.5449654614743054,Regular Customers
CUST1370,42,Female,31538,9,1003,8382,32,57,6,3,Grocery,Bengaluru,0,-1.6459666128503363,-0.798818027043532,Regular Customers
CUST1371,46,Female,48743,8,978,7089,40,49,5,3,Fashion,Pune,0,-1.442477545768096,-0.4303827443649742,Regular Customers
CUST1372,39,Male,37868,8,957,7850,38,42,3,5,Grocery,Bengaluru,0,-1.3995209493078162,-0.7505632521714023,Regular Customers
CUST1373,56,Male,39753,6,871,4724,27,40,2,4,Fashion,Chennai,0,-1.38629923854337,-1.0716017693861093,Regular Customers
CUST1374,59,Male,39822,7,1159,6074,29,47,5,2,Grocery,Delhi,0,-1.3896327050395856,-0.8446013038958518,Regular Customers
CUST1375,29,Male,36324,6,820,4511,38,33,5,1,Grocery,Chennai,0,-1.4509857847748535,-0.9277797702828673,Regular Customers
CUST1376,49,Female,34682,7,1003,6755,52,50,5,2,Fashion,Chennai,0,-1.8963095531233005,-0.25760943100531686,Regular Customers
CUST1377,33,Female,47675,7,910,6064,42,38,7,0,Electronics,Bengaluru,0,-1.344322435300728,-0.5566003353311637,Regular Customers
CUST1378,60,Female,42575,5,1167,6546,26,48,4,1,Home & Kitchen,Mumbai,0,-1.4655489251443128,-0.825831166848603,Regular Customers
CUST1379,31,Male,41748,8,838,6378,17,41,2,6,Beauty,Bengaluru,0,-1.0830780168305478,-1.3489955712407022,Regular Customers
CUST1380,33,Male,40628,7,859,6438,43,43,4,3,Beauty,Chennai,0,-1.5788350686254817,-0.569212020492678,Regular Customers
CUST1381,49,Male,33425,6,830,4974,37,40,3,3,Fashion,Bengaluru,0,-1.624912419488122,-0.8895641079029533,Regular Customers
CUST1382,52,Female,43826,6,990,5920,46,44,4,2,Grocery,Bengaluru,0,-1.6376497719252896,-0.3703950635586108,Regular Customers
CUST1383,27,Male,34155,7,780,5098,32,58,4,3,Fashion,Chennai,0,-1.8938681932092865,-0.7893309720643836,Regular Customers
CUST1384,43,Female,39292,6,891,5320,40,55,5,1,Fashion,Hyderabad,0,-1.9029882227269264,-0.47744736102218777,Regular Customers
CUST1385,35,Female,30524,4,684,2569,44,47,3,1,Grocery,Chennai,0,-2.146697571823079,-0.6466424589009506,Regular Customers
CUST1386,45,Female,28694,7,980,6951,35,45,3,4,Home & Kitchen,Bengaluru,0,-1.6264806473410973,-0.907958786542233,Regular Customers
CUST1387,43,Male,39451,8,888,6971,35,51,5,3,Home & Kitchen,Mumbai,0,-1.5734376452126013,-0.7055478135946812,Regular Customers
CUST1388,60,Male,34311,7,766,4958,38,53,5,2,Grocery,Mumbai,0,-1.8706998222034392,-0.6948224328892458,Regular Customers
CUST1389,58,Female,28929,6,1084,7021,42,39,3,3,Fashion,Bengaluru,0,-1.624594666464923,-0.7444527747392833,Regular Customers
CUST1390,47,Female,40465,7,789,5708,38,44,5,2,Grocery,Bengaluru,0,-1.565056575189943,-0.7237531373917597,Regular Customers
CUST1391,48,Male,47668,5,1048,5054,45,32,2,3,Fashion,Bengaluru,0,-1.3645317688624021,-0.4894036028894586,Regular Customers
CUST1392,57,Female,44336,6,863,5241,35,53,2,4,Electronics,Delhi,0,-1.7276439262607908,-0.5824423313906535,Regular Customers
CUST1393,29,Male,36827,6,1148,6841,29,59,2,4,Fashion,Chennai,0,-1.766202235222788,-0.6874504579392012,Regular Customers
CUST1394,50,Male,38040,8,1043,7762,52,46,6,2,Beauty,Chennai,0,-1.6614266032725804,-0.2689474152963115,Regular Customers
CUST1395,52,Male,42048,7,826,5811,34,30,6,1,Home & Kitchen,Hyderabad,0,-1.1560870066078195,-1.0096051253068963,Regular Customers
CUST1396,26,Male,43117,6,837,4771,34,49,2,4,Electronics,Chennai,0,-1.6544082530272268,-0.6986691638177046,Regular Customers
CUST1397,56,Male,36433,9,1025,8526,38,39,5,4,Grocery,Chennai,0,-1.2483387565197113,-0.8136185447285887,Regular Customers
CUST1398,49,Male,38156,7,918,5589,38,40,2,5,Beauty,Chennai,0,-1.4663806952683105,-0.7838923810622584,Regular Customers
CUST1399,35,Female,39371,7,929,6317,35,49,2,5,Beauty,Mumbai,0,-1.596877774011619,-0.7096654576820979,Regular Customers
CUST1400,40,Male,40526,7,1107,8101,38,47,3,4,Home & Kitchen,Mumbai,0,-1.4964021523774351,-0.5746863657003641,Regular Customers
CUST1401,41,Female,37393,6,858,4859,38,42,5,1,Fashion,Mumbai,0,-1.6230819870278879,-0.7664769552759512,Regular Customers
CUST1402,57,Female,37452,4,961,4620,39,40,3,1,Grocery,Pune,0,-1.704628878747487,-0.6989980983139127,Regular Customers
CUST1403,59,Male,44292,8,1068,9148,22,46,3,5,Grocery,Bengaluru,0,-1.120073666524262,-1.0114395708807684,Regular Customers
CUST1404,53,Male,43515,8,1050,9276,51,42,3,5,Beauty,Delhi,0,-1.4582167019684604,-0.2605182196201606,Regular Customers
CUST1405,47,Female,40177,7,930,6926,37,37,2,5,Grocery,Mumbai,0,-1.3337944460064848,-0.8120957663784752,Regular Customers
CUST1406,26,Female,45839,7,914,7349,42,43,3,4,Home & Kitchen,Pune,0,-1.4630003933523386,-0.4982602801400853,Regular Customers
CUST1407,57,Female,36238,8,735,5512,29,47,4,4,Electronics,Mumbai,0,-1.5106496505825588,-1.0353704705568105,Regular Customers
CUST1408,27,Male,45401,5,820,3258,35,44,3,2,Home & Kitchen,Bengaluru,0,-1.6227591662406033,-0.7060260035656887,Regular Customers
CUST1409,28,Male,40474,6,989,5724,33,35,3,3,Fashion,Bengaluru,0,-1.2969998389924497,-0.9243145442771024,Regular Customers
CUST1410,24,Male,52916,6,933,5848,48,52,1,5,Electronics,Hyderabad,0,-1.7427307315586535,-0.07665071942631377,Regular Customers
CUST1411,58,Female,32562,9,959,8738,34,26,2,7,Home & Kitchen,Chennai,0,-0.9677317154609414,-1.191758499732441,Regular Customers
CUST1412,41,Female,34857,8,1078,8817,43,42,7,1,Grocery,Hyderabad,0,-1.4595072146617611,-0.6128893036739703,Regular Customers
CUST1413,31,Male,39910,4,803,3553,34,41,2,2,Grocery,Chennai,0,-1.6880769915475597,-0.8407320100695382,Regular Customers
CUST1414,25,Female,39811,5,921,4745,35,46,3,2,Grocery,Chennai,0,-1.6907671707263863,-0.720222802133681,Regular Customers
CUST1415,38,Male,46893,7,973,7249,36,49,4,3,Grocery,Delhi,0,-1.4813363300649738,-0.5502969175313213,Regular Customers
CUST1416,50,Female,34952,6,863,4789,47,53,3,3,Grocery,Mumbai,0,-2.033325996193109,-0.38392920700778543,Regular Customers
CUST1417,60,Male,42126,5,1127,5140,25,40,4,1,Grocery,Hyderabad,0,-1.3090406415284481,-1.0011495828785344,Regular Customers
CUST1418,43,Female,43301,9,1062,10794,29,49,5,4,Electronics,Bengaluru,0,-1.2085457946099825,-0.791722219825557,Regular Customers
CUST1419,45,Female,41213,7,986,6957,25,46,3,4,Grocery,Hyderabad,0,-1.333703322629191,-0.9905967069213284,Regular Customers
CUST1420,54,Female,33618,8,1172,8905,31,33,7,1,Electronics,Delhi,0,-1.0699177090419665,-1.0796327101121879,Regular Customers
CUST1421,57,Male,44419,6,765,4361,32,58,3,3,Electronics,Mumbai,0,-1.8407296358096468,-0.6261915844445073,Regular Customers
CUST1422,32,Female,43606,8,949,7198,27,35,6,2,Fashion,Mumbai,0,-1.017570279409144,-1.0891610196109953,Regular Customers
CUST1423,60,Female,40734,7,995,6572,33,48,5,2,Grocery,Hyderabad,0,-1.5023611325406052,-0.7415512153708748,Regular Customers
CUST1424,42,Male,38932,7,837,5258,24,48,2,5,Grocery,Bengaluru,0,-1.4676010800654815,-1.0770069872916674,Regular Customers
CUST1425,58,Male,39031,8,987,6949,31,47,4,4,Beauty,Mumbai,0,-1.4001114198366034,-0.8585701914940151,Regular Customers
CUST1426,26,Female,37641,5,813,4003,46,42,4,1,Beauty,Delhi,0,-1.8319737211226854,-0.5330628941847634,Regular Customers
CUST1427,25,Male,40922,9,1035,8876,41,51,4,5,Beauty,Hyderabad,0,-1.4935287983402912,-0.47948679952323753,Regular Customers
CUST1428,56,Male,38142,7,1081,8235,39,34,4,3,Electronics,Bengaluru,0,-1.2552544695507062,-0.7786812563949296,Regular Customers
CUST1429,48,Male,34131,9,984,9060,31,45,4,5,Beauty,Hyderabad,0,-1.321103750510703,-0.9647982857152156,Regular Customers
CUST1430,28,Male,33218,6,721,4419,27,41,4,2,Grocery,Hyderabad,0,-1.5503125671311506,-1.1957863669766846,Regular Customers
CUST1431,56,Male,34571,6,831,4687,30,40,3,3,Beauty,Delhi,0,-1.5130814073963894,-1.0738837783302937,Regular Customers
CUST1432,25,Female,39013,6,1020,6059,38,48,5,1,Fashion,Mumbai,0,-1.6679686952489536,-0.6013170976762371,Regular Customers
CUST1433,48,Male,37877,7,953,6861,44,53,4,3,Electronics,Bengaluru,0,-1.8209269789676408,-0.40595369778745904,Regular Customers
CUST1434,29,Female,38982,7,617,4569,44,43,5,2,Beauty,Bengaluru,0,-1.719530679011097,-0.6446958899121801,Regular Customers
CUST1435,24,Male,40284,6,1103,6571,42,50,4,2,Fashion,Hyderabad,0,-1.7192285172097825,-0.4130571348768257,Regular Customers
CUST1436,53,Male,35139,6,967,6302,33,45,3,3,Fashion,Chennai,0,-1.5949278892510532,-0.8570272323884013,Regular Customers
CUST1437,55,Male,44683,5,849,4247,38,39,2,3,Home & Kitchen,Hyderabad,0,-1.538851084323944,-0.6889344659241409,Regular Customers
CUST1438,26,Female,36779,7,1073,7986,36,43,2,5,Electronics,Pune,0,-1.4408462850370969,-0.7559200923335742,Regular Customers
CUST1439,25,Female,36024,6,866,4994,37,43,5,1,Electronics,Mumbai,0,-1.6456175023389366,-0.7972356803431796,Regular Customers
CUST1440,45,Male,40200,6,865,4437,52,40,5,1,Beauty,Chennai,0,-1.743257506360292,-0.35779260531384766,Regular Customers
CUST1441,23,Male,29626,9,994,9140,26,48,8,1,Beauty,Mumbai,0,-1.374667878506496,-1.1263034321457404,Regular Customers
CUST1442,51,Male,34395,7,1170,8665,36,47,5,2,Beauty,Mumbai,0,-1.5232126227148166,-0.701057797628122,Regular Customers
CUST1443,57,Male,42474,9,1151,10831,46,34,3,6,Fashion,Bengaluru,0,-1.0940011521593775,-0.5174656656917254,Regular Customers
CUST1444,51,Female,30077,6,994,6168,28,33,5,1,Fashion,Mumbai,0,-1.3140750204508358,-1.2449727406904085,Regular Customers
CUST1445,30,Male,43096,7,1007,6853,34,48,4,3,Home & Kitchen,Mumbai,0,-1.4766238555803939,-0.6725697514924648,Regular Customers
CUST1446,29,Female,44891,7,1048,6861,34,39,3,4,Home & Kitchen,Pune,0,-1.2351675972909673,-0.7676217779074309,Regular Customers
CUST1447,48,Female,36315,5,795,4149,36,47,3,2,Electronics,Chennai,0,-1.8241091695709828,-0.7670742376458946,Regular Customers
CUST1448,24,Male,39331,9,1030,9582,27,50,3,6,Grocery,Chennai,0,-1.2841846291348926,-0.9113959751330379,Regular Customers
CUST1449,42,Female,43103,7,859,5745,42,36,5,2,Beauty,Hyderabad,0,-1.3821921254020952,-0.6699176364290547,Regular Customers
CUST1450,39,Male,35871,8,989,8617,43,35,4,4,Home & Kitchen,Chennai,0,-1.318519816620018,-0.7260615350292244,Regular Customers
CUST1451,26,Male,64470,3,1194,3381,95,54,2,1,Grocery,Delhi,0,-2.4677481707055793,1.5726450739994626,Regular Customers
CUST1452,38,Female,58251,1,1300,1430,90,63,0,1,Home & Kitchen,Mumbai,0,-2.821573024747427,1.5246865469964197,Regular Customers
CUST1453,40,Female,57893,4,783,3505,67,54,2,2,Grocery,Bengaluru,0,-2.2157438030610894,0.5502201742030939,Regular Customers
CUST1454,52,Female,50350,7,1232,7832,56,54,6,1,Electronics,Bengaluru,0,-1.741928881384974,0.21663800896782742,Regular Customers
CUST1455,45,Male,50213,3,1192,3446,81,47,2,1,Electronics,Mumbai,0,-2.3033072071261023,0.860097953964667,Regular Customers
CUST1456,27,Female,42941,3,1432,4269,44,60,1,2,Grocery,Bengaluru,0,-2.0798180237392025,-0.03863906028632732,Regular Customers
CUST1457,60,Female,56878,4,1350,5655,90,49,3,1,Fashion,Hyderabad,0,-2.232908612746877,1.2833742343629537,Regular Customers
CUST1458,39,Male,55064,5,1023,4396,72,52,3,2,Home & Kitchen,Mumbai,0,-2.1195272611033706,0.6705895041649726,Regular Customers
CUST1459,59,Male,60025,4,1394,4860,100,55,2,2,Electronics,Chennai,0,-2.4659133597586327,1.707682455734095,Regular Customers
CUST1460,60,Female,50684,1,1159,1204,52,56,0,1,Grocery,Delhi,0,-2.271804598197569,0.18944554435083552,Regular Customers
CUST1461,24,Male,51115,4,1059,3575,87,43,3,1,Beauty,Bengaluru,0,-2.2554080117039104,0.9300693099302961,Regular Customers
CUST1462,41,Female,53061,6,1231,7121,74,53,3,3,Grocery,Bengaluru,0,-2.0213004436362585,0.769113163034554,Regular Customers
CUST1463,38,Male,57565,4,1168,4734,71,61,2,2,Beauty,Mumbai,0,-2.2951915555661837,0.8740061737802808,Regular Customers
CUST1464,41,Female,42826,2,1440,2976,57,52,2,0,Beauty,Mumbai,0,-2.173196903222394,0.22410738917842832,Regular Customers
CUST1465,34,Male,56593,3,1253,3717,83,53,1,2,Home & Kitchen,Hyderabad,0,-2.357410320405507,1.1182206288465857,Regular Customers
CUST1466,43,Female,51872,1,1232,1196,84,56,1,0,Fashion,Mumbai,0,-2.6894009785955406,1.1365334952810162,Regular Customers
CUST1467,41,Female,45394,4,1341,5724,99,54,3,1,Beauty,Delhi,0,-2.6330380807535985,1.4410853985446128,Regular Customers
CUST1468,29,Male,38992,2,1370,2804,89,48,2,0,Beauty,Pune,0,-2.6167424382511157,0.998846102502859,Regular Customers
CUST1469,33,Female,51148,3,1322,3761,67,55,1,2,Beauty,Pune,0,-2.2256774792283105,0.6303723678387579,Regular Customers
CUST1470,27,Female,61034,2,1421,2851,61,62,1,1,Grocery,Bengaluru,0,-2.216471443044442,0.7488487326364544,Regular Customers
CUST1471,54,Male,62450,2,1295,2669,57,48,0,2,Fashion,Bengaluru,0,-1.8659741018278058,0.4151843631975437,Regular Customers
CUST1472,48,Male,54218,5,1226,6973,95,52,2,3,Beauty,Hyderabad,0,-2.3579714000581844,1.387616754347762,Regular Customers
CUST1473,37,Female,64243,3,1393,4443,64,45,1,2,Beauty,Chennai,0,-1.7455750957661003,0.6162804680832171,Regular Customers
CUST1474,37,Female,51732,2,1186,2602,95,62,1,1,Grocery,Pune,0,-2.90753467558658,1.514256840340056,Regular Customers
CUST1475,25,Male,57949,2,1205,2293,82,54,1,1,Grocery,Bengaluru,0,-2.4543391678503284,1.1211493352421664,Regular Customers
CUST1476,33,Female,49184,1,1469,1407,79,49,1,0,Home & Kitchen,Bengaluru,0,-2.417316436124286,0.915603350646137,Regular Customers
CUST1477,58,Male,48789,1,1453,1426,71,56,1,0,Beauty,Bengaluru,0,-2.4717761288556095,0.7811810517673006,Regular Customers
CUST1478,23,Male,47772,3,1199,3555,84,47,1,2,Electronics,Bengaluru,0,-2.3756274560040667,0.9120403263231238,Regular Customers
CUST1479,27,Female,39142,4,1129,4153,75,48,1,3,Beauty,Bengaluru,0,-2.329770625082106,0.5082432310918054,Regular Customers
CUST1480,54,Male,60031,2,1428,3146,70,45,1,1,Electronics,Mumbai,0,-1.9673532146914952,0.7440557369624257,Regular Customers
CUST1481,42,Male,47996,5,1325,7092,84,48,3,2,Fashion,Mumbai,0,-2.161729150573634,0.9506885879399566,Regular Customers
CUST1482,23,Male,46999,2,1249,2437,73,65,1,1,Electronics,Bengaluru,0,-2.707938256720265,0.877646431057018,Regular Customers
CUST1483,41,Male,44637,3,1150,3626,64,50,2,1,Home & Kitchen,Chennai,0,-2.2152953270657405,0.3285027354623625,Regular Customers
CUST1484,51,Male,50725,2,1252,2548,83,58,1,1,Fashion,Pune,0,-2.6389630735088154,1.115993609517388,Regular Customers
CUST1485,35,Female,63004,4,1197,5062,74,49,3,1,Beauty,Chennai,0,-1.9782941092684643,0.8736642446409866,Regular Customers
CUST1486,36,Female,65065,6,1096,5871,82,60,3,3,Home & Kitchen,Hyderabad,0,-2.1914213731152157,1.2314875134894767,Regular Customers
CUST1487,46,Female,41636,1,1220,1206,69,48,1,0,Beauty,Hyderabad,0,-2.4372251026049367,0.43729249262772163,Regular Customers
CUST1488,45,Female,49788,3,1241,3707,59,55,2,1,Fashion,Hyderabad,0,-2.1566340465783145,0.36085133081732784,Regular Customers
CUST1489,57,Male,45546,5,1141,5992,98,55,1,4,Electronics,Delhi,0,-2.6280466064440775,1.3579593095408973,Regular Customers
CUST1490,31,Male,58167,1,1341,1274,96,71,1,0,Grocery,Mumbai,0,-3.0786362355710475,1.821395365471286,Regular Customers
CUST1491,32,Female,53788,4,1401,4483,87,59,2,2,Grocery,Delhi,0,-2.458918821470786,1.3030004957137502,Regular Customers
CUST1492,28,Male,48028,4,1351,4937,70,51,2,2,Home & Kitchen,Delhi,0,-2.1230314795371745,0.606930534501055,Regular Customers
CUST1493,47,Male,52453,3,1157,3454,71,60,2,1,Grocery,Chennai,0,-2.435375219284867,0.7910659548445202,Regular Customers
CUST1494,42,Female,49021,4,1318,5299,94,70,1,3,Grocery,Bengaluru,0,-2.887853556132956,1.5785103802739424,Regular Customers
CUST1495,35,Female,62073,5,1212,6877,70,44,2,3,Grocery,Bengaluru,0,-1.7186006096060518,0.6705163030318072,Regular Customers
CUST1496,49,Female,55413,5,1007,5271,66,49,3,2,Beauty,Bengaluru,0,-1.9538390042974958,0.46409182016412065,Regular Customers
CUST1497,36,Male,56180,3,1305,3940,100,53,1,2,Grocery,Hyderabad,0,-2.5860275213961086,1.6112948224491885,Regular Customers
CUST1498,29,Male,35358,2,1223,2439,74,52,2,0,Grocery,Chennai,0,-2.5948093880528345,0.5353802385948228,Regular Customers
CUST1499,43,Male,51583,2,1605,3493,99,53,2,0,Fashion,Chennai,0,-2.61621945515149,1.6112116458219101,Regular Customers
CUST1500,39,Female,64999,4,1427,5440,56,46,2,2,Electronics,Bengaluru,0,-1.5471577273994368,0.41076156931209135,Regular Customers
CUST1501,37,Male,60275,1,1311,1296,82,65,1,0,Fashion,Mumbai,0,-2.7234032877945658,1.358303005035713,Regular Customers
CUST1502,39,Male,40474,3,1239,3393,103,45,1,2,Grocery,Mumbai,0,-2.690658542684496,1.3241351434008126,Regular Customers
CUST1503,57,Male,50044,3,1226,4094,75,54,2,1,Grocery,Delhi,0,-2.358315337871738,0.8044088981383483,Regular Customers
CUST1504,30,Female,44503,2,1043,2152,71,62,1,1,Fashion,Chennai,0,-2.715417246918499,0.6829361833888347,Regular Customers
CUST1505,32,Female,62677,3,929,2628,59,55,2,1,Grocery,Bengaluru,0,-2.0961482425387272,0.4605233645679811,Regular Customers
CUST1506,44,Male,53524,6,1064,6325,90,48,2,4,Fashion,Delhi,0,-2.195039614423347,1.1068048757356301,Regular Customers
CUST1507,23,Male,47209,3,1193,3724,65,46,2,1,Fashion,Mumbai,0,-2.0888175074165547,0.34831696533744533,Regular Customers
CUST1508,27,Male,52213,2,872,1708,74,53,1,1,Beauty,Mumbai,0,-2.510450905148637,0.7012106410289812,Regular Customers
CUST1509,44,Male,35730,4,1115,4270,58,50,3,1,Home & Kitchen,Hyderabad,0,-2.181567737550976,0.000827845559693393,Regular Customers
CUST1510,41,Female,45230,3,1161,3302,96,56,1,2,Fashion,Chennai,0,-2.8011697835150176,1.336115245202863,Regular Customers
CUST1511,47,Male,52227,5,1166,5990,91,45,2,3,Home & Kitchen,Delhi,0,-2.2026560244664233,1.1171434090612762,Regular Customers
CUST1512,26,Female,57277,3,1097,3196,75,61,2,1,Fashion,Mumbai,0,-2.4722705159648863,0.9730705182694362,Regular Customers
CUST1513,55,Female,39886,3,1147,3315,59,56,2,1,Grocery,Hyderabad,0,-2.3498500698766063,0.2007920888434693,Regular Customers
CUST1514,40,Female,49622,1,1469,1312,96,56,1,0,Beauty,Hyderabad,0,-2.8139774567126103,1.5079667334542795,Regular Customers
CUST1515,28,Female,58300,1,1303,1311,70,65,1,0,Grocery,Bengaluru,0,-2.5812778632817923,0.9856875114582437,Regular Customers
CUST1516,34,Male,42943,1,1113,1096,60,52,0,1,Grocery,Bengaluru,0,-2.4172335852369966,0.23041222920874344,Regular Customers
CUST1517,30,Male,53430,3,1189,3476,51,50,2,1,Fashion,Pune,0,-1.8994646493927714,0.0979632409497629,Regular Customers
CUST1518,39,Male,52412,1,1196,1215,66,51,0,1,Home & Kitchen,Hyderabad,0,-2.3230094380171007,0.5495361531307141,Regular Customers
CUST1519,40,Female,62698,5,1080,5724,55,54,3,2,Fashion,Chennai,0,-1.7808770891787788,0.3557785241793335,Regular Customers
CUST1520,38,Male,50564,3,1080,3422,67,54,2,1,Electronics,Bengaluru,0,-2.2932319625097928,0.5403960520130607,Regular Customers
CUST1521,39,Male,50929,3,1358,4253,85,49,2,1,Beauty,Delhi,0,-2.3313841364007764,1.0644891008244042,Regular Customers
CUST1522,57,Male,57335,2,1135,2225,70,41,1,1,Home & Kitchen,Bengaluru,0,-2.020353132992335,0.5602616014530808,Regular Customers
CUST1523,59,Male,43724,4,1029,3930,80,51,3,1,Home & Kitchen,Bengaluru,0,-2.441825997556535,0.7343191525697675,Regular Customers
CUST1524,41,Female,50622,2,1193,2187,65,58,1,1,Electronics,Mumbai,0,-2.407296102615954,0.5838154343866385,Regular Customers
CUST1525,59,Female,49156,2,1218,2321,76,56,2,0,Grocery,Pune,0,-2.5291913636427674,0.8532906035766197,Regular Customers
CUST1526,53,Female,51133,4,892,3575,101,63,2,2,Fashion,Mumbai,0,-2.961350139232132,1.5790968984662956,Regular Customers
CUST1527,53,Female,57294,3,1194,3356,70,69,1,2,Home & Kitchen,Pune,0,-2.5484485642975407,0.9757715220444949,Regular Customers
CUST1528,30,Male,55458,3,1335,4037,80,60,2,1,Grocery,Chennai,0,-2.457734227720782,1.1434284814864712,Regular Customers
CUST1529,39,Male,47328,4,1270,4689,54,65,4,0,Home & Kitchen,Delhi,0,-2.2504652497111324,0.3240953913673071,Regular Customers
CUST1530,35,Male,52853,3,1548,4027,96,60,1,2,Beauty,Delhi,0,-2.6537451031956047,1.6160065391399132,Regular Customers
CUST1531,25,Female,61300,3,1395,4460,69,67,3,0,Fashion,Hyderabad,0,-2.354302319218968,1.0395050625942954,Regular Customers
CUST1532,24,Female,46812,2,1426,2744,89,68,1,1,Grocery,Mumbai,0,-2.945932885248629,1.4234222469471154,Regular Customers
CUST1533,46,Male,52906,5,1637,7636,73,62,3,2,Beauty,Chennai,0,-2.1471444404641438,1.003410901075485,Regular Customers
CUST1534,38,Female,50795,2,1318,2406,83,60,1,1,Home & Kitchen,Hyderabad,0,-2.664194704853674,1.1626580929656656,Regular Customers
CUST1535,54,Male,51607,5,1225,6335,84,54,4,1,Grocery,Chennai,0,-2.291118077190766,1.0597921096695202,Regular Customers
CUST1536,48,Male,41825,3,1352,4502,69,55,2,1,Fashion,Chennai,0,-2.3611538571623747,0.5633051177102004,Regular Customers
CUST1537,25,Female,60803,4,1113,4308,90,53,2,2,Grocery,Delhi,0,-2.3649513748585935,1.3266116779920702,Regular Customers
CUST1538,54,Female,47168,4,1217,4783,65,59,3,1,Beauty,Bengaluru,0,-2.2895229541402036,0.5331460728271814,Regular Customers
CUST1539,41,Female,58403,4,1099,4773,86,50,3,1,Grocery,Mumbai,0,-2.2704748006882225,1.1333375702389081,Regular Customers
CUST1540,44,Female,48123,2,1262,2159,70,54,1,1,Beauty,Bengaluru,0,-2.4005207190131927,0.6480685412625214,Regular Customers
CUST1541,59,Male,48097,4,1098,5084,80,39,2,2,Grocery,Bengaluru,0,-2.072071633902666,0.6503619993417911,Regular Customers
CUST1542,46,Female,59570,5,1093,6533,69,67,3,2,Home & Kitchen,Bengaluru,0,-2.302121094207338,0.9093769102087093,Regular Customers
CUST1543,22,Female,58202,3,1265,2972,76,53,1,2,Fashion,Bengaluru,0,-2.2422609352823484,0.9397830685526436,Regular Customers
CUST1544,28,Male,53302,3,1179,3508,60,58,1,2,Grocery,Mumbai,0,-2.213616873370631,0.4675228657150965,Regular Customers
CUST1545,38,Male,56750,2,899,1695,78,65,1,1,Beauty,Delhi,0,-2.7689899248093486,1.0659073535020973,Regular Customers
CUST1546,23,Female,50199,3,973,2857,76,57,1,2,Grocery,Hyderabad,0,-2.5369272992453817,0.8022299550360876,Regular Customers
CUST1547,28,Male,51948,5,1021,4934,68,65,2,3,Fashion,Delhi,0,-2.392181860772477,0.7060626375654699,Regular Customers
CUST1548,52,Male,47871,2,1062,2262,74,46,1,1,Home & Kitchen,Mumbai,0,-2.3424756989472955,0.5885373490895495,Regular Customers
CUST1549,27,Female,57641,2,1265,2507,77,72,1,1,Grocery,Mumbai,0,-2.772421978210205,1.2569839049794045,Regular Customers
CUST1550,28,Female,47673,5,1234,5721,67,63,3,2,Beauty,Chennai,0,-2.311545316511568,0.6475807287379663,Regular Customers
CUST1551,41,Female,61267,4,1366,5389,73,56,1,3,Fashion,Chennai,0,-2.0874535033071298,0.9698193703940572,Regular Customers
CUST1552,25,Female,50029,6,1317,8230,61,65,3,3,Electronics,Pune,0,-2.1053632386418317,0.5630832538045127,Regular Customers
CUST1553,31,Male,52128,2,1367,2475,107,47,2,0,Home & Kitchen,Hyderabad,0,-2.6778135317367697,1.687236068862903,Regular Customers
CUST1554,58,Female,56734,3,1295,3373,89,53,1,2,Electronics,Bengaluru,0,-2.4326342765681312,1.2991470321986984,Regular Customers
CUST1555,46,Male,52149,2,1233,2858,79,65,1,1,Beauty,Pune,0,-2.722587424869953,1.1239851275488837,Regular Customers
CUST1556,59,Female,50141,3,1371,3903,91,42,2,1,Home & Kitchen,Bengaluru,0,-2.2701452546917134,1.120897774290504,Regular Customers
CUST1557,35,Male,51813,1,1343,1329,48,59,1,0,Home & Kitchen,Pune,0,-2.2065734384142948,0.18606778567719467,Regular Customers
CUST1558,46,Female,57577,4,1259,4874,40,59,1,3,Fashion,Bengaluru,0,-1.7759019624456531,-0.011994651362110026,Regular Customers
CUST1559,31,Female,47864,3,1398,4379,70,69,1,2,Home & Kitchen,Delhi,0,-2.5971459944399213,0.8984329554735233,Regular Customers
CUST1560,36,Female,51212,3,834,2857,56,44,2,1,Beauty,Bengaluru,0,-1.9876217894664345,0.02026989785882515,Regular Customers
CUST1561,28,Male,52064,3,1155,3625,72,66,1,2,Home & Kitchen,Chennai,0,-2.589011454164998,0.9030118635265334,Regular Customers
CUST1562,54,Male,57395,2,1152,2025,78,51,1,1,Electronics,Mumbai,0,-2.357602809035328,0.9387539846640924,Regular Customers
CUST1563,29,Male,51377,4,1380,4908,87,52,1,3,Fashion,Chennai,0,-2.3339654284002327,1.1622781647829514,Regular Customers
CUST1564,29,Male,63284,2,1445,2798,60,46,0,2,Beauty,Delhi,0,-1.802353733364277,0.5240319230887133,Regular Customers
CUST1565,40,Female,51023,4,974,3812,80,47,3,1,Beauty,Mumbai,0,-2.2710741448048357,0.7680860782741169,Regular Customers
CUST1566,38,Male,50517,5,1420,6123,75,58,3,2,Fashion,Chennai,0,-2.2086261394100997,0.8960675241517625,Regular Customers
CUST1567,34,Female,50933,5,1017,5420,80,47,3,2,Grocery,Chennai,0,-2.1642367766269115,0.7704305463943594,Regular Customers
CUST1568,35,Male,43784,1,1022,933,68,60,1,0,Electronics,Delhi,0,-2.7325840254710347,0.5628995682341916,Regular Customers
CUST1569,33,Male,45531,2,1163,2605,94,50,2,0,Home & Kitchen,Mumbai,0,-2.7133790941909166,1.2112179476364853,Regular Customers
CUST1570,57,Female,48689,4,1150,5272,74,47,2,2,Electronics,Delhi,0,-2.1401303549037065,0.6215204966854981,Regular Customers
CUST1571,44,Male,59088,3,957,2814,99,51,2,1,Grocery,Chennai,0,-2.614171565593134,1.495311857555001,Regular Customers
CUST1572,57,Male,51793,1,1301,1347,64,57,0,1,Beauty,Delhi,0,-2.403257472977663,0.6005800468294106,Regular Customers
CUST1573,60,Male,48976,3,1306,3532,85,53,2,1,Fashion,Hyderabad,0,-2.4754433287652122,1.0746530729284631,Regular Customers
CUST1574,47,Male,59654,3,1364,4298,74,55,1,2,Home & Kitchen,Mumbai,0,-2.188673689926946,0.9711383576365369,Regular Customers
CUST1575,54,Female,61679,5,1132,5436,71,60,2,3,Electronics,Bengaluru,0,-2.1465773352863593,0.8954448182653119,Regular Customers
CUST1576,26,Male,59834,3,1194,3270,84,63,1,2,Fashion,Chennai,0,-2.579163286208958,1.3226045753924442,Regular Customers
CUST1577,59,Male,46677,4,1195,4670,71,53,1,3,Electronics,Delhi,0,-2.254705919557365,0.60146642596673,Regular Customers
CUST1578,40,Female,48910,1,1463,1409,39,48,1,0,Fashion,Delhi,0,-1.8290195040025006,-0.24265429676749323,Regular Customers
CUST1579,49,Male,63318,2,758,1476,34,56,1,1,Beauty,Bengaluru,0,-1.895534684582476,-0.2599798218981056,Regular Customers
CUST1580,31,Female,53505,4,1051,4522,92,58,1,3,Electronics,Delhi,0,-2.622959554446904,1.3344783459020302,Regular Customers
CUST1581,25,Male,50330,4,1201,4502,92,45,2,2,Grocery,Chennai,0,-2.324192942674334,1.135363648078217,Regular Customers
CUST1582,56,Female,56482,2,1031,2347,100,49,1,1,Electronics,Chennai,0,-2.6730997859801278,1.4924887718437279,Regular Customers
CUST1583,39,Male,58286,3,1160,3110,75,50,1,2,Home & Kitchen,Chennai,0,-2.1905415055201094,0.8419242036721369,Regular Customers
CUST1584,27,Male,48434,1,1180,1333,58,54,1,0,Home & Kitchen,Bengaluru,0,-2.334323803478695,0.3039701123023264,Regular Customers
CUST1585,47,Female,53369,3,1097,3024,69,50,2,1,Beauty,Chennai,0,-2.1932288101783612,0.5810667878633673,Regular Customers
CUST1586,24,Female,57782,4,1210,4840,75,60,2,2,Fashion,Bengaluru,0,-2.3117790168548256,0.988246510146291,Regular Customers
CUST1587,39,Female,44760,2,1298,2494,61,44,1,1,Fashion,Chennai,0,-2.075123915706179,0.20729006601958888,Regular Customers
CUST1588,49,Female,52077,3,1163,3393,97,44,2,1,Grocery,Mumbai,0,-2.448528109392184,1.2906234710537239,Regular Customers
CUST1589,50,Male,45046,2,1129,2403,105,53,1,1,Grocery,Pune,0,-2.9587605583835597,1.5504654233261312,Regular Customers
CUST1590,39,Female,45862,2,1174,2630,81,54,1,1,Grocery,Mumbai,0,-2.609890687401394,0.9083038993211029,Regular Customers
CUST1591,36,Female,48486,5,1199,6565,75,45,1,4,Electronics,Chennai,0,-2.006391275936688,0.6201064524586525,Regular Customers
CUST1592,54,Male,54977,3,929,2695,58,51,2,1,Fashion,Pune,0,-2.0952769629129846,0.2596623795401443,Regular Customers
CUST1593,29,Male,49991,2,1272,2582,96,52,1,1,Grocery,Bengaluru,0,-2.6919057988659634,1.392152616325746,Regular Customers
CUST1594,24,Male,47954,3,1130,3177,76,52,3,0,Grocery,Pune,0,-2.3995413049687504,0.7394032932259498,Regular Customers
CUST1595,28,Female,52322,1,1397,1286,71,56,0,1,Grocery,Hyderabad,0,-2.4435378879846894,0.8175947491552806,Regular Customers
CUST1596,53,Male,44843,2,1292,2347,81,50,1,1,Fashion,Bengaluru,0,-2.4994863956615014,0.862993319769504,Regular Customers
CUST1597,40,Male,54676,5,1383,6671,67,65,3,2,Fashion,Chennai,0,-2.200228868054891,0.8280636492957548,Regular Customers
CUST1598,23,Female,59060,3,1042,3189,77,58,1,2,Beauty,Pune,0,-2.426310717948523,0.9976689404330004,Regular Customers
CUST1599,28,Female,51506,5,1142,4837,56,49,4,1,Grocery,Delhi,0,-1.8272389411387195,0.15360797901082426,Regular Customers
CUST1600,23,Male,50735,3,1006,3007,90,56,2,1,Electronics,Mumbai,0,-2.6942418987062,1.2036765302136565,Regular Customers
